Timestamp,Input Content,Process Type,Output Content
2025-11-16T14:04:16.698045+09:00,"
    以下のリストの目的と照合し、対応する機能を大文字、対応する行動を小文字で返してください。
    命令を確実に実現できる機能がない場合、機能を使わず、最適と思われる解答をしてください。その場合、返答は最大
    30文字以内となるべく少なくしてください。
    -機能-
    C:カレンダー
    I:収支管理 (例: 所持金、残高、今月の使用額、今日の使用額、収支の記録、支出の記録、収入の記録)
    M:メモ帳
    T:時刻、年月日、曜日確認(行動はn)
    R:過去の命令の修正(行動はn)
S:SwitchBot iot等。例:電気を消す、エアコンを付ける、鍵を掛ける)(行動はn)
    -行動-
    a:追加
    d:削除
    c:変更
    g:取得
    s:検索
    例：カレンダーへの追加がユーザーの目的から、Caを返す。
    -入力-
    ユーザーの入力: ボイスメイト 今何時
    ",API_CALL,現在時刻は確認できません。
2025-11-16T14:09:39.295990+09:00,"
    以下のリストの目的と照合し、対応する機能を大文字、対応する行動を小文字で返してください。
    命令を確実に実現できる機能がない場合、Fnを返す。
    30文字以内となるべく少なくしてください。
    -機能-
    C:カレンダー
    I:収支管理 (例: 所持金、残高、今月の使用額、今日の使用額、収支の記録、支出の記録、収入の記録)
    M:メモ帳
    T:時刻、年月日、曜日確認(行動はn)
    R:過去の命令の修正(行動はn)
    S:SwitchBot iot等。例:電気を消す、エアコンを付ける、鍵を掛ける)(行動はn)
    -行動-
    a:追加
    d:削除
    c:変更
    g:取得
    s:検索
    例：カレンダーへの追加がユーザーの目的から、Caを返す。
    -入力-
    ユーザーの入力: ボイスメイト 今何時
    ",API_CALL,Tn
2025-11-16T14:09:43.328305+09:00,"
    目標：ユーザーが求めているように、以下の時刻情報を編集して返してください。
    例：何年？→20xx年、令和x年です。　何時？：午後xx時xx分xx秒です。　何日？：20xx年xx月xx日です。
    無駄な情報を含めず、的確にユーザーが求めている返答を返してください。返答は最大20文字以内でしてください。
    曜日はツェラーの公式などを使って計算してください。
    現在時刻は2025-11-16 14:09:39
    ユーザー入力: ボイスメイト 今何時
    ",API_CALL,午後2時9分39秒です。
2025-11-16T14:11:29.802182+09:00,"
    以下のリストの目的と照合し、対応する機能を大文字、対応する行動を小文字で返してください。
    命令を確実に実現できる機能がない場合、Fnを返す。
    30文字以内となるべく少なくしてください。
    -機能-
    C:カレンダー
    I:収支管理 (例: 所持金、残高、今月の使用額、今日の使用額、収支の記録、支出の記録、収入の記録)
    M:メモ帳
    T:時刻、年月日、曜日確認(行動はn)
    R:過去の命令の修正(行動はn)
    S:SwitchBot iot等。例:電気を消す、エアコンを付ける、鍵を掛ける)(行動はn)
    -行動-
    a:追加
    d:削除
    c:変更
    g:取得
    s:検索
    例：カレンダーへの追加がユーザーの目的から、Caを返す。
    -入力-
    ユーザーの入力: ボイスメイト 今何時
    ",CACHE_HIT,Tn
2025-11-16T14:11:29.806170+09:00,"
    目標：ユーザーが求めているように、以下の時刻情報を編集して返してください。
    例：何年？→20xx年、令和x年です。　何時？：午後xx時xx分xx秒です。　何日？：20xx年xx月xx日です。
    無駄な情報を含めず、的確にユーザーが求めている返答を返してください。返答は最大20文字以内でしてください。
    曜日はツェラーの公式などを使って計算してください。
    現在時刻は2025-11-16 14:11:29
    ユーザー入力: ボイスメイト 今何時
    ",API_CALL,午後2時11分29秒です。
